{"cameraMode":{"drawMode":0,"name":"Shaded","section":"Shading Mode"},"sceneLighting":true,"audioPlay":false,"sceneViewState":{"showFog":true,"showMaterialUpdate":false,"showSkybox":true,"showFlares":true,"showImageEffects":true,"showParticleSystems":true},"in2DMode":false,"pivot":{"x":1.779613971710205,"y":8.912001609802246,"z":8.762370109558106},"rotation":{"x":0.02044333890080452,"y":-0.9267789125442505,"z":0.3715744912624359,"w":0.050944890826940539},"size":15.906183242797852,"orthographic":false}