{"cameraMode":{"drawMode":0,"name":"Shaded","section":"Shading Mode"},"sceneLighting":false,"audioPlay":false,"sceneViewState":{"showFog":true,"showMaterialUpdate":false,"showSkybox":false,"showFlares":true,"showImageEffects":true,"showParticleSystems":true},"in2DMode":false,"pivot":{"x":-5.452851295471191,"y":1.9025660753250123,"z":-5.813354015350342},"rotation":{"x":-0.2041061520576477,"y":-0.26219692826271059,"z":0.05655024200677872,"w":-0.9415491223335266},"size":2.724745035171509,"orthographic":false}