{"cameraMode":{"drawMode":0,"name":"Shaded","section":"Shading Mode"},"sceneLighting":false,"audioPlay":false,"sceneViewState":{"showFog":true,"showMaterialUpdate":false,"showSkybox":false,"showFlares":true,"showImageEffects":true,"showParticleSystems":true},"in2DMode":false,"pivot":{"x":0.12109257280826569,"y":-7.904893398284912,"z":-1.2270690202713013},"rotation":{"x":-0.08728305995464325,"y":-0.01798875629901886,"z":0.0013077771291136742,"w":-0.9960798025131226},"size":0.02474522590637207,"orthographic":false}